{
  "title": "MQTT Setting",
  "uri": "/mqtt_save",
  "menu": false,
  "element": [
    {
      "name": "caption",
      "type": "ACText",
      "value": "<h4>Parameters saved as:</h4>",
      "style": "text-align:center;color:#2f4f4f;padding:10px;"
    },
    {
      "name": "mqttserver",
      "type": "ACText",
      "format": "Server: %s",
      "posterior": "br"
    },
    {
      "name": "channelid",
      "type": "ACText",
      "format": "Channel ID: %s",
      "posterior": "br"
    },
    {
      "name": "userkey",
      "type": "ACText",
      "format": "User Key: %s",
      "posterior": "br"
    },
    {
      "name": "apikey",
      "type": "ACText",
      "format": "API Key: %s",
      "posterior": "br"
    },
    {
      "name": "period",
      "type": "ACText",
      "format": "Update period: %s sec.",
      "posterior": "br"
    },
    {
      "name": "clear",
      "type": "ACSubmit",
      "value": "Clear channel",
      "uri": "/mqtt_clear"
    }
  ]
}
